Variable,Overall (n = 8782),Survival group (n = 6805),Mortality group (n = 1977),p value
Weight (kg),"78.00 (65.10, 93.10)","79.00 (66.00, 94.30)","73.20 (61.60, 87.40)",< 0.001*
Heart rate bpm min,"70.00 (60.00, 82.00)","70.00 (60.00, 80.00)","75.00 (62.00, 88.00)",< 0.001*
Heart rate bpm max,"102.00 (89.00, 118.00)","101.00 (88.00, 116.00)","111.00 (95.00, 128.00)",< 0.001*
Heart rate bpm mean,"84.44 (73.90, 96.93)","83.27 (73.21, 95.07)","91.69 (78.69, 104.77)",< 0.001*
Respiratory rate bpm min,"12.00 (10.00, 15.00)","12.00 (10.00, 14.00)","13.00 (10.00, 16.00)",< 0.001*
Respiratory rate bpm max,"28.00 (24.00, 32.00)","27.00 (24.00, 31.00)","30.00 (26.00, 34.00)",< 0.001*
Respiratory rate bpm mean,"18.83 (16.61, 21.64)","18.56 (16.44, 21.15)","20.57 (17.71, 23.92)",< 0.001*
Systolic BP mmHg min,"90.00 (81.00, 101.00)","91.00 (82.00, 102.00)","85.00 (75.00, 96.00)",< 0.001*
Systolic BP mmHg max,"144.00 (130.00, 159.00)","144.00 (131.00, 160.00)","139.00 (125.00, 156.00)",< 0.001*
Systolic BP mmHg mean,"114.70 (104.88, 127.07)","115.78 (105.95, 128.11)","109.22 (100.00, 121.46)",< 0.001*
Diastolic BP mmHg min,"47.00 (40.00, 54.00)","47.00 (41.00, 55.00)","45.00 (37.00, 52.00)",< 0.001*
Diastolic BP mmHg max,"87.00 (75.00, 100.00)","87.00 (76.00, 100.00)","86.00 (74.00, 99.00)",< 0.001*
Diastolic BP mmHg mean,"62.96 (56.21, 70.88)","63.26 (56.54, 71.23)","61.46 (54.72, 69.00)",< 0.001*
Mean arterial pressure mmHg min,"60.00 (52.00, 68.00)","60.00 (53.00, 68.00)","57.00 (47.00, 64.00)",< 0.001*
Mean arterial pressure mmHg max,"101.00 (90.00, 115.00)","102.00 (91.00, 115.00)","99.00 (88.00, 113.00)",< 0.001*
Mean arterial pressure mmHg mean,"77.24 (70.68, 85.46)","77.84 (71.27, 86.03)","74.30 (67.88, 82.18)",< 0.001*
Temperature °C min,"97.60 (97.10, 98.00)","97.60 (97.20, 98.00)","97.50 (96.70, 97.90)",< 0.001*
Temperature °C max,"98.80 (98.30, 99.50)","98.80 (98.40, 99.40)","98.70 (98.20, 99.60)",< 0.001*
Temperature °C mean,"98.18 (97.80, 98.60)","98.20 (97.83, 98.60)","98.07 (97.59, 98.57)",< 0.001*
SpO2 % min,"92.00 (90.00, 94.00)","92.00 (90.00, 94.00)","91.00 (87.00, 94.00)",< 0.001*
SpO2 % max,"100.00 (99.00, 100.00)","100.00 (99.00, 100.00)","100.00 (99.00, 100.00)",< 0.01*
SpO2 % mean,"96.79 (95.38, 98.13)","96.86 (95.48, 98.16)","96.40 (94.64, 97.92)",< 0.001*
Bicarbonate min (mEq/L),"22.00 (20.00, 25.00)","23.00 (20.00, 25.00)","21.00 (17.00, 24.00)",< 0.001*
Bicarbonate max (mEq/L),"24.00 (21.00, 26.00)","24.00 (22.00, 26.00)","23.00 (19.00, 26.00)",< 0.001*
Bicarbonate mean (mEq/L),"23.00 (20.50, 25.67)","23.00 (21.00, 26.00)","21.63 (18.00, 25.00)",< 0.001*
BUN min (mg/dL),"20.00 (13.00, 33.00)","19.00 (13.00, 30.00)","28.00 (17.00, 46.00)",< 0.001*
BUN max (mg/dL),"22.00 (15.00, 38.00)","21.00 (14.00, 34.00)","32.00 (19.00, 52.00)",< 0.001*
BUN mean (mg/dL),"21.00 (14.00, 35.50)","20.00 (13.67, 32.50)","30.00 (18.50, 49.25)",< 0.001*
Creatinine min (mg/dL),"1.00 (0.70, 1.50)","0.90 (0.70, 1.40)","1.20 (0.80, 2.10)",< 0.001*
Creatinine max (mg/dL),"1.10 (0.80, 1.70)","1.00 (0.80, 1.60)","1.40 (0.90, 2.40)",< 0.001*
Creatinine mean (mg/dL),"1.00 (0.75, 1.63)","1.00 (0.70, 1.50)","1.30 (0.80, 2.25)",< 0.001*
INR min (mg/dL),"1.30 (1.10, 1.60)","1.30 (1.10, 1.50)","1.40 (1.20, 1.90)",< 0.001*
INR max (mg/dL),"1.40 (1.20, 1.70)","1.30 (1.20, 1.70)","1.50 (1.30, 2.10)",< 0.001*
INR mean (mg/dL),"1.30 (1.20, 1.63)","1.30 (1.15, 1.57)","1.50 (1.25, 2.00)",< 0.001*
Glucose min (mg/dL),"115.00 (96.00, 141.00)","115.00 (97.00, 141.00)","113.00 (93.00, 143.00)",< 0.001*
Glucose max (mg/dL),"136.00 (111.00, 178.00)","135.00 (110.00, 176.00)","141.00 (111.00, 192.00)",< 0.001*
Glucose mean (mg/dL),"127.00 (105.50, 160.00)","126.50 (105.67, 159.00)","128.55 (104.00, 166.00)",0.080
Sodium min (mg/dL),"137.00 (134.00, 140.00)","137.00 (135.00, 140.00)","136.00 (133.00, 140.00)",< 0.001*
Sodium max (mg/dL),"139.00 (136.00, 142.00)","139.00 (136.00, 141.00)","138.00 (135.00, 142.00)",< 0.001*
Sodium mean (mg/dL),"138.00 (135.20, 140.67)","138.00 (135.50, 140.50)","137.50 (134.00, 141.00)",< 0.001*
Potassium min (mg/dL),"4.00 (3.60, 4.40)","4.00 (3.60, 4.40)","4.10 (3.60, 4.50)",< 0.001*
Potassium max (mg/dL),"4.30 (4.00, 4.80)","4.30 (4.00, 4.70)","4.50 (4.00, 5.00)",< 0.001*
Potassium mean (mg/dL),"4.17 (3.83, 4.57)","4.15 (3.83, 4.50)","4.25 (3.85, 4.80)",< 0.001*
Calcium min (mg/dL),"8.30 (7.80, 8.80)","8.30 (7.80, 8.80)","8.10 (7.60, 8.70)",< 0.001*
Calcium max (mg/dL),"8.50 (8.10, 9.00)","8.60 (8.10, 9.00)","8.50 (7.90, 9.00)",< 0.001*
Calcium mean (mg/dL),"8.40 (7.90, 8.90)","8.40 (7.97, 8.90)","8.30 (7.80, 8.83)",< 0.001*
Magnesium min (mg/dL),"1.90 (1.70, 2.10)","1.90 (1.70, 2.10)","1.90 (1.70, 2.20)",< 0.001*
Magnesium max (mg/dL),"2.10 (1.90, 2.40)","2.10 (1.90, 2.30)","2.10 (1.90, 2.40)",< 0.001*
Magnesium mean (mg/dL),"2.00 (1.80, 2.20)","2.00 (1.80, 2.20)","2.03 (1.85, 2.25)",< 0.001*
Chloride min (mg/dL),"102.00 (98.00, 106.00)","103.00 (99.00, 106.00)","101.00 (96.00, 105.00)",< 0.001*
Chloride max (mg/dL),"104.00 (100.00, 108.00)","104.00 (101.00, 108.00)","103.00 (98.00, 108.00)",< 0.001*
Chloride mean (mg/dL),"103.50 (99.40, 107.00)","103.67 (100.00, 107.00)","102.00 (97.33, 106.10)",< 0.001*
Hemoglobin min (mg/dL),"9.60 (8.20, 11.30)","9.70 (8.30, 11.40)","9.10 (7.80, 10.70)",< 0.001*
Hemoglobin max (mg/dL),"10.40 (9.00, 11.90)","10.50 (9.10, 12.00)","9.80 (8.60, 11.30)",< 0.001*
Hemoglobin mean (mg/dL),"9.97 (8.60, 11.55)","10.10 (8.70, 11.70)","9.40 (8.20, 10.95)",< 0.001*
WBC min (mg/dL),"9.30 (6.50, 13.20)","9.10 (6.40, 12.80)","10.60 (6.90, 15.80)",< 0.001*
WBC max (mg/dL),"11.00 (7.50, 15.90)","10.80 (7.40, 15.30)","12.60 (8.30, 18.70)",< 0.001*
WBC mean (mg/dL),"10.23 (7.10, 14.45)","10.00 (7.03, 14.00)","11.70 (7.70, 17.34)",< 0.001*
Platelet min (mg/dL),"179.00 (121.00, 250.00)","181.00 (125.00, 248.00)","167.00 (97.00, 255.00)",< 0.001*
Platelet max (mg/dL),"197.00 (141.00, 269.00)","198.00 (144.00, 267.00)","189.00 (115.00, 280.00)",< 0.001*
Platelet mean (mg/dL),"188.00 (132.00, 259.00)","189.00 (136.00, 257.50)","177.00 (105.50, 266.50)",< 0.001*
Urine output (mL/24 h),"1495.00 (865.00, 2365.00)","1600.00 (970.00, 2480.00)","950.00 (450.00, 1633.50)",< 0.001*
Myocardial infarction,4340 (16.3%),3494 (15.8%),846 (18.5%),< 0.001*
Congestive heart failure,9106 (34.1%),7388 (33.4%),1718 (37.6%),< 0.001*
Peripheral vascular disease,4048 (15.2%),3365 (15.2%),683 (14.9%),0.665
Cerebrovascular disease,4178 (15.7%),3363 (15.2%),815 (17.8%),< 0.001*
Dementia,1354 (5.1%),993 (4.5%),361 (7.9%),< 0.001*
Chronic pulmonary disease,7368 (27.6%),6079 (27.5%),1289 (28.2%),0.326
Rheumatic disease,1144 (4.3%),965 (4.4%),179 (3.9%),0.189
Peptic ulcer disease,782 (2.9%),654 (3.0%),128 (2.8%),0.604
Mild liver disease,3825 (14.3%),3112 (14.1%),713 (15.6%),< 0.01*
Diabetes without cc,6863 (25.7%),5764 (26.1%),1099 (24.1%),< 0.01*
Paraplegia,1367 (5.1%),1063 (4.8%),304 (6.7%),< 0.001*
Renal disease,9840 (36.9%),8046 (36.4%),1794 (39.3%),< 0.001*
Malignant cancer,10885 (40.8%),8281 (37.4%),2604 (57.0%),< 0.001*
Severe liver disease,1451 (5.4%),1048 (4.7%),403 (8.8%),< 0.001*
Metastatic solid tumor,5341 (20.0%),3586 (16.2%),1755 (38.4%),< 0.001*
AIDS,545 (2.0%),479 (2.2%),66 (1.4%),< 0.01*
Charlson Comorbidity Index,"5.00 (3.00, 8.00)","4.00 (2.00, 7.00)","7.00 (4.00, 9.00)",< 0.001*
Mechanical ventilation,6621 (24.8%),5243 (23.7%),1378 (30.2%),< 0.001*
GCS score,"3.00 (2.00, 4.00)","4.00 (2.00, 4.00)","3.00 (1.00, 4.00)",< 0.001*
SOFA score,"2.00 (1.00, 3.00)","2.00 (1.00, 3.00)","2.00 (1.00, 4.00)",< 0.001*
