,coef,exp(coef),se(coef),coef lower 95%,coef upper 95%,exp(coef) lower 95%,exp(coef) upper 95%,cmp to,z,p,-log2(p),sig
charlson_comorbidity_index,0.4952550766395923,1.640916745208422,0.014864757311543676,0.4661206876700382,0.5243894656091463,1.593799339670512,1.6894270801128874,0.0,33.317400766105145,2.161517871478087e-243,806.1164822931111,***
spo2_min,-0.21448381347555662,0.806957873469532,0.008014438926434803,-0.23019182512766467,-0.19877580182344856,0.7943812056108439,0.8197336555234082,0.0,-26.76217455074788,8.910934467752488e-158,521.7090622606468,***
bnd_min,0.3012772446673216,1.3515840090572782,0.01142909548997786,0.27887662913109584,0.32367786020354733,1.3216442814077878,1.3822019731311497,0.0,26.360550135530033,3.885002443947925e-153,506.2970830115735,***
heart_rate_mean,0.3788502957673884,1.4606043607205812,0.015260680314095464,0.3489399119721819,0.4087606795625949,1.417564009157211,1.5049515117305596,0.0,24.825256015452002,4.78571568214645e-136,449.5234862153146,***
bicarbonate_min,-0.3588024809847784,0.6985123071897107,0.01638089322362121,-0.3909084417376722,-0.3266965202318846,0.6764420870661545,0.7213026105629873,0.0,-21.903718929526143,2.3941949290141055e-106,350.8648374405854,***
sofa_score,0.3212403016222543,1.37883687782513,0.01478538350008921,0.2922614824644667,0.3502191207800419,1.3394532153798095,1.419378529851421,0.0,21.726883284448864,1.1430179089731815e-104,345.2876738601975,***
sbp_mean,-0.4294812350188438,0.6508466436082831,0.01994095174590424,-0.4685647822582672,-0.39039768777942035,0.625899926640277,0.6767876707862654,0.0,-21.537649781789217,6.912610345634698e-103,339.36936316820226,***
urine_output_24h,-0.9365303521614587,0.3919855303829045,0.04504072199605631,-1.0248085451114102,-0.8482521592115073,0.3588651653195196,0.42816263844600405,0.0,-20.792969354342492,5.011201176185857e-96,316.5799406528282,***
anchor_age_x,0.3628463715353692,1.4374150144159161,0.01815621247405078,0.3272608489905728,0.3984318940801656,1.387163270130361,1.4894871917089743,0.0,19.98469515896867,7.484292858486689e-89,292.74773443299995,***
gcs_score,-0.29600858651697476,0.7437810415042223,0.015411455083727925,-0.32621448343043824,-0.2658026896035113,0.7216503887804737,0.7665903688294033,0.0,-19.20704988002809,3.231136002334025e-82,270.7060623041427,***
pt_min,0.1727448368760776,1.1885627889939196,0.009301416585673362,0.1545143953629543,0.19097527838920092,1.1670910786362465,1.210429527943725,0.0,18.571884753785813,5.4264315412772e-77,253.3484595226761,***
mchc_min,-0.26747177129331823,0.7653119340840127,0.016055331893471827,-0.29893964356436026,-0.23600389902227617,0.7416041686685194,0.789777594566365,0.0,-16.659373538212158,2.587201470963567e-62,204.58814947884207,***
ptt_mean,0.20225405176698338,1.2241589683586656,0.012661056030653242,0.17743883794065937,0.2270692655933074,1.1941550186887528,1.2549167874858145,0.0,15.974500964004356,1.9238792700146647e-57,188.4058831406651,***
hemoglobin_max,-0.2813689033006342,0.7547498544046292,0.017755484740340284,-0.31616901391975166,-0.2465687926815167,0.7289362393846809,0.7814775997481851,0.0,-15.846872525049505,1.4775333732089812e-56,185.46478259660972,***
dbp_min,-0.25177138595911147,0.7774224474419303,0.01641036975585422,-0.2839351196535711,-0.21960765226465184,0.7528154860512895,0.8028337261720784,0.0,-15.342212863259512,3.9934622360742693e-53,174.06454895803688,***
weight,-0.29220835126513256,0.7466129620117046,0.020997798206213784,-0.33336327950395134,-0.2510534230263138,0.7165098535261895,0.7779808083595546,0.0,-13.916142463863695,5.05457621328287e-44,143.82724603655063,***
mcv_max,0.21949233199364473,1.2454442978443157,0.016330606659609496,0.18748493109512016,0.2514997328921693,1.2062120729890389,1.2859525565758585,0.0,13.440549795159496,3.4982778309418133e-41,134.39240701867377,***
wbc_min,0.08367166496667272,1.087271845758629,0.006515744212319291,0.07090104097805161,0.09644228895529383,1.0734749905768202,1.1012460252512777,0.0,12.841459431215094,9.60465805257069e-38,122.969533354103,***
chloride_min,-0.19708034448271458,0.821124657826433,0.01542983877673114,-0.2273222727723672,-0.16683841619306197,0.7966639977998212,0.8463363545392636,0.0,-12.772676846106792,2.3300121104303377e-37,121.69100205740676,***
potassium_max,0.17962003687278447,1.1967625510799365,0.01412716875706971,0.15193129490540835,0.20730877884016058,1.1640802554405307,1.2303624230146786,0.0,12.714510597383256,4.91175008609107e-37,120.61510235377445,***
sodium_min,-0.15119604841226178,0.8596791434061312,0.015256809527066945,-0.18109884560430056,-0.121293251220223,0.8343528825047811,0.8857741671471535,0.0,-9.910069870376665,3.7638286623851617e-23,74.49214522744423,***
calcium_min,-0.1580016699210006,0.85384835610799,0.016030131398023055,-0.1894201501285705,-0.1265831897134307,0.82743878514026,0.8811008479675433,0.0,-9.856542407411984,6.422293871655352e-23,73.7212575009209,***
creatinine_max,0.11221687455253859,1.1187554639274946,0.012060434297099349,0.08857885769231222,0.13585489141276497,1.0926204107374833,1.1455156573753047,0.0,9.304546734235585,1.3456505765959405e-20,66.01025806198737,***
resp_rate_min,0.14429600265732428,1.1552260078890024,0.017597414118467044,0.10980570476409221,0.17878630055055636,1.1160612040165734,1.195765182500998,0.0,8.199841277014528,2.4070463199698422e-16,51.88358561363184,***
glucose_max,0.08058082471761456,1.0839164503429477,0.012886085561904407,0.05532456111458034,0.10583708832064878,1.056883582328964,1.1116407624906846,0.0,6.25332063259292,4.018159991605406e-10,31.212745939680378,***
map_mean,-2.482655247782801,0.08352116152614614,0.4631076986498734,-3.3903296580997813,-1.5749808374658203,0.03369756639263447,0.20701151950846344,0.0,-5.360859374656564,8.282697715565465e-08,23.52532402193221,***
temp_min,-0.07173285408285637,0.9307795165483265,0.014819423705581654,-0.10077839081743553,-0.04268731734827722,0.9041333749443748,0.9582109591731828,0.0,-4.840461782318741,1.29537767120661e-06,19.55819578806043,***
los,0.05864688457617842,1.0604007307679608,0.012660734294784915,0.03383230134056887,0.08346146781178798,1.0344111228234172,1.0870433283277625,0.0,4.632186665534531,3.618236935555509e-06,18.076281685257033,***
magnesium_max,0.04112181564595178,1.0419790271630653,0.009684857017838184,0.022139844695568945,0.06010378659633461,1.0223867498375159,1.061946756665457,0.0,4.245990990905804,2.176293749913472e-05,15.487767173849912,***
platelet_min,-0.05782520132387873,0.943814910615585,0.017457040324845238,-0.0920403716372388,-0.02361003101051866,0.9120683271101653,0.9766665051539607,0.0,-3.3124286962653486,0.0009248969940364247,10.078419678209878,***
spo2_mean,-3.848112478382355,0.021319940331845085,1.8149481118927477,-7.405345411501113,-0.2908795452635973,0.0006079940808429857,0.7476057252452423,0.0,-2.1202327786491315,0.033986419399604575,4.87889781337729,*
